first_name,email
James,JamesSmith@gmail.com
Christopher,ChristopherAnderson@gmail.com
Ronald,RonaldClark@gmail.com
Mary,MaryWright@gmail.com
Lisa,LisaMitchell@gmail.com
Michelle,MichelleJohnson@gmail.com
John,JohnThomas@gmail.com
Daniel,DanielRodriguez@gmail.com
Anthony,AnthonyLopez@gmail.com
Patricia,PatriciaPerez@gmail.com
Nancy,NancyWilliams@hotmail.com
Laura,LauraJackson@hotmail.com
Robert,RobertLewis@hotmail.com
Paul,PaulHill@hotmail.com
Kevin,KevinRoberts@hotmail.com
Linda,LindaJones@hotmail.com
Karen,KarenWhite@hotmail.com
Sarah,SarahLee@hotmail.com
Michael,MichaelScott@hotmail.com
Mark,MarkTurner@hotmail.com
Jason,JasonBrown@aol.com
Barbara,BarbaraHarris@aol.com
Betty,BettyWalker@aol.com
Kimberly,KimberlyGreen@aol.com
William,WilliamPhillips@aol.com
Donald,DonaldDavis@aol.com
Jeff,JeffMartin@aol.com
Elizabeth,ElizabethHall@aol.com
Helen,HelenAdams@aol.com
Deborah,DeborahCampbell@aol.com
David,DavidMiller@yahoo.com
George,GeorgeThompson@yahoo.com
Jennifer,JenniferAllen@yahoo.com
Sandra,SandraBaker@yahoo.com
Richard,RichardParker@yahoo.com
Kenneth,KennethWilson@yahoo.com
Maria,MariaGarcia@yahoo.com
Donna,DonnaYoung@yahoo.com
Charles,CharlesGonzalez@yahoo.com
Steven,StevenEvans@yahoo.com
Susan,SusanMoore@yahoo.com
Carol,CarolMartinez@facebook.com
Joseph,JosephHernandez@facebook .com
Edward,EdwardNelson@facebook .com
Margaret,MargaretEdwards@facebook .com
Ruth,RuthTaylor@facebook .com
Thomas,ThomasRobinson@facebook .com
Brian,BrianKing@facebook .com
Dorothy,DorothyCarter@facebook .com
Sharon,SharonCollins@facebook .com
